ts	phase	decision	why	evidence	result
2026-09-15T17:40:00-04:00	frame	checked node, java, xcode and the android sdk before starting	wanted to know whether a real local build was even possible	env: node 24, jdk 17, xcode 26.6, android 36 + ndk 27	android and ios builds are both possible locally
2026-09-15T17:45:00-04:00	design	generated a fresh RN 0.86 turbo-module project and transplanted it instead of hand-editing the RN 0.72 template	hand-upgrading gradle 8.0.1 to 9.3.1, kotlin 1.7 to 2.1 and removing flipper invites mistakes; the generator is the lever	temp scaffold at opencode/folding-vanilla	scaffold installed and built
2026-09-15T18:40:00-04:00	design	wrote the copy and rename as a rerunnable script	mechanical rename across 22 files, and a script can be re-read and re-run	temp opencode/transplant.sh	zero old tokens left after the rename
2026-09-15T18:52:00-04:00	unit1	transplanted the scaffold, renamed to the package, rebuilt the example	base the port on the current template rather than a patched old one	commit 5165168	yarn install green, typecheck green
2026-09-15T18:53:00-04:00	unit1	removed the lefthook and commitlint git hooks	the template uses CI now, and the old hooks failed without an upstream and blocked commits	commit 5165168	commits work again
2026-09-15T18:56:00-04:00	unit2	declared typed events in NativeFoldingFeature.ts	RN 0.86 codegen supports typed EventEmitter, which removes the string-based listeners	commit c99d864, src/NativeFoldingFeature.ts	codegen produced emitOnLayoutInfoChange, emitOnError, emitOnHingeAngleChange
2026-09-15T18:57:00-04:00	unit2	changed the state enums to const objects	codegen cannot use TS enums, and const objects keep the same values so the native payload needs no cast	commit c99d864, src/types/index.ts	typecheck and jest green
2026-09-15T19:00:00-04:00	unit3	fold detection module extends the generated spec and emits through the emit* methods	that is how a turbo module delivers events	commit c284074, android/build/generated/source/codegen/java/com/folddetection/NativeFoldingFeatureSpec.java	library assembleDebug green
2026-09-15T19:00:00-04:00	unit3	emitted the layout payload unwrapped instead of under a displayFeatures key	the typed event payload is the layout info itself, so the wrapper was redundant	commit c284074, android/src/main/java/com/folddetection/FoldDetectionModule.kt	runtime payload carried the keys directly
2026-09-15T19:20:00-04:00	unit4	iOS implements the spec as a no-op	keeps the documented iOS behaviour while still satisfying codegen and autolinking	commit 203b8ee, ios/FoldDetection.mm	pod install linked the pod and the iOS build succeeded
2026-09-15T19:26:00-04:00	verify	ran the app on the Pixel_Fold API 36 emulator, folded it, then unfolded it	prove the events flow end to end rather than only compiling	logcat ReactNativeJS with temporary logging that was reverted	hinge angle 180 to 0 to 180, and a layout event with state FLAT and bounds
2026-09-15T19:33:00-04:00	release	bumped to 1.0.0 and wrote the changelog	dropping the legacy architecture and raising the RN floor is a breaking change	commit 5c4c135, CHANGELOG.md	changelog updated
2026-09-15T19:34:00-04:00	release	kept Podfile.lock and the xcworkspace out of git	they are generated by pod install and rebuilt in CI, so committing them only drifts	.gitignore, commit 203b8ee	working tree clean
2026-09-15T19:44:00-04:00	verify	downloaded the iOS 26.5 simulator runtime to unblock the iOS build	Xcode 26.6 shipped the SDK but listed no eligible simulator until the runtime was installed	xcodebuild -downloadPlatform iOS	** BUILD SUCCEEDED ** with FoldDetection.mm compiled
2026-09-15T23:46:15Z	review	independent reviewer flagged that getEnforcing would throw at import for iOS consumers who still disable autolinking	reviewer caught a real crash regression the green tests did not cover	task ses_f588d2865ffeGUQtCWWOfqCnpC	fixed
2026-09-15T23:46:15Z	unit2	switched the spec to TurboModuleRegistry.get with a lazy accessor that throws a linking error only on Android	keep the old safe iOS behaviour of returning null instead of throwing at import	src/NativeFoldingFeature.ts, src/FoldingFeature.ts	codegen still generates the spec; typecheck, lint, test green
2026-09-15T23:46:15Z	verify	committed the transplant script, an iOS build excerpt, and a rerunnable Android smoke script	make the evidence resolve without the temp work dir, and give a reviewer a rerunnable check	.audit/transplant.sh, .audit/ios-build.txt, scripts/verify-android-runtime.sh	smoke script PASS
2026-09-15T23:46:15Z	release	corrected the changelog to name the library Kotlin version and note the removed hooks and the iOS opt-out removal	reviewer flagged claims that did not match the build files	CHANGELOG.md	corrected
